qcs.data.dbrpc,wangzengxin
qcs.c.trip,luolidong
qcs.data.abtest,aaron02
qcs.data.dremio,jixianliang
mt.weekly,chenping05
qcs.data.dremioplus,fengpeisheng
qcs.data.alg.storm,Aa1234567890
qcs.data.fe.dashboard,hehexutao02
qcs.data.algo.engine,xieguiyang
qcs.data.dw.common,fengjie05
qcs.abtest.client,dengwenzhe
qcs.data.notify,zhangyingzhe02
qcs.data.base.predict,jiangda
qcs.adanos.gate,wudi15
qcs.data.base.public,zhangjie29
qcs.data.fakeplate,guoxiong
qcs.data.securityportrait,lifei18
qcs.data.simulation.macro,chengzhiru
qcs.data.service.wohandler,linbonan03
qcs.data.simulation.model,fengpeisheng
qcs.data.fe.gulfstream,fangxiaohua
qcs.data.simulation.web,fengpeisheng
qcs.data.simulation,fengpeisheng
qcs.c.order.view,baosencumt
qcs.data.behavior,lifei18
qcs.data.thor,zhanghan13
qcs.data.simulation.data,fengpeisheng
qcs.data.x-helper,guanxiangfei
qcs.data.behavior.verify,guoxiong
qcs.data.simulation.engine,fengpeisheng
qcs.data.fe.gxt,hehexutao02
qcs.data.integration,caoluyang
qcs.dispatch.exp,minqingyan
qcs.algo.marketing,lishunpu
qcs.data.oms,guoxiong
qcs.dispatch.monitor,duchao05
qcs.data.tool,wangwenji02
qcs.data.inteligent.predict.rule-engine,guanxiangfei
qcs.algorithm.eco,lijie25
qcs.cv,zhangyingzhe02
qa-visual,yaodandan
qcs.data.ups,xujingping
qcs.dispatch.opool,songziyang
qcs.data.chatbot,guanxiangfei
qcs.fe.allsee,liyanda
qcs.fe.gxt,chenke
qcs.fe.qbear.dll,liyanda
qcs.dispatch.algo,yanglin20
qcs.activity.compute,zhangyan
qcs.avc.server,593077036
qcs.dispatch.kvclient,songziyang
qcs.data.meta,zhouhe04
qcs.activity.task,zhangyan
qcs.data.model,xujingping
qcs.data.common,yangman
qcs.dispatch.logstream,fuzhiyao
qcs.file.server,liweichao02
qcs.dispatch.dpool,fuzhiyao
qcs.data.spark,liuguangquan02
qcs.dispatch.driverengine,dengwenzhe
qcs.data.fireworks,zhangxu44
qcs.data.query,fengpeisheng
qcs.data.flink,wangwenji02
qcs.dispatch.server,jianchaomeng
qcs.data.rephotograph,zhuyong05
qcs.dispatch.portrait,zhouwei18
qcs.c.ios.app.business,ios_stash_bot
qcs.dispatch.reducer,songziyang
qcs.data.rl,chengzhiru
qcs.activity.realtime,zhangyan
qcs.dispatch.pre,songziyang
qcs.data.monitor,yangman
qcs.dispatch.macro,fuzhiyao
qcs.ios.commonpush,keshiim
qcs.ios.bdtts,keshiim
qcs.adanos.bcp,wudi15
qcs.inf.weather,18710057269
qcs.dispatch.engine,songziyang
qcs.dispatch.reminder,guoqiao.zhou
qcs.ios.carrier,keshiim
qcs.data.dashboard,yangman
qcs.data.storm,liangzhao02
qcs.dispatch.modelserver,guoqiao.zhou
qcs.dispatch.status,fuzhiyao
qcs.dispatch.queue,dengwenzhe
qcs.lbs.behavior,chenping05
qcs.ios.tencent.location,ios_stash_bot
qcs.price.client,hujing02
qcs.manager.common,liangxiao03
qcs.lbs.geohex,liuchunming
qcs.ios.location,ios_stash_bot
qcs.growth.mission,cuijian
qcs.c.android.business,aimeituan
qcs.monitor.fht,18710057269
qcs.ios.map,wwh
qcs.lbs.notify,zhangyingzhe02
qcs.ios.persistentconnection,ios_stash_bot
qcs.gearpump.wordcount,liuchunming
qcs.r.android.splash,aimeituan
qcs.c.android.wheel,aimeituan
qcs.meituan.android,aimeituan
qcs.dispatch.view,minqingyan
qcs.ios.features,ios_stash_bot
qcs.dispatch.score,guoqiao.zhou
qcs.emulation.dispatcher,liuyunyun
qcs.r.ios.dxmanager,ios_stash_bot
qcs.r.android.widgets,aimeituan
qcs.rc.client,liangxiao03
qcs.r.api.push,fanpucheng
qcs.emulation.schedular,linbonan03
qcs.fe.crc,chenke
qcs.performance,wangjie12
qcs.regulation.xiamen,chenping05
qcs.r.driverdata,liuqiang20
qcs.r.ios.tencentmap,ios_stash_bot
qcs.lbs.uflow,lanhongzhong
qcs.r.ios.common.components,ios_stash_bot
qcs.r.api.client,zoudingzhong
qcs.r.ios.dispatchcenter,ios_stash_bot
qcs.m.template,cuijian
qcs.thor.service,wudi15
qcs.risk.spark,jiaquanfang
qcs.prophet.demand,zhangjie29
qcs.r.ios,ios_stash_bot
qcs.service.prophet,songziyang
qcs.rs.client,zhangna13
qcs.risk.data,rabbit
qcs.vt.web,chenke
qcs.rs.server,songziyang
qcs.r.taxi.ios,ios_stash_bot
qcs.thor,liuchunming
sakcabchannel,ios_stash_bot
qcs.uc.client,liangxiao03
qcs.ui,yusiqi02
qcs.security.client,liweichao02
qcs.vt.auto,liyanda
